{"cameraMode":{"drawMode":0,"name":"Shaded","section":"Shading Mode"},"sceneLighting":false,"audioPlay":false,"sceneViewState":{"m_AlwaysRefresh":false,"showFog":true,"showSkybox":false,"showFlares":true,"showImageEffects":true,"showParticleSystems":true,"showVisualEffectGraphs":true,"m_FxEnabled":true},"in2DMode":false,"pivot":{"x":0.5593811273574829,"y":-0.13854540884494782,"z":-0.07839913666248322},"rotation":{"x":-0.013279754668474198,"y":0.9820019006729126,"z":-0.17261472344398499,"w":-0.0755552351474762},"size":0.8555005788803101,"orthographic":false}