{"cameraMode":{"drawMode":0,"name":"Shaded","section":"Shading Mode"},"sceneLighting":true,"audioPlay":false,"sceneViewState":{"m_AlwaysRefresh":false,"showFog":true,"showSkybox":false,"showFlares":true,"showImageEffects":true,"showParticleSystems":true,"showVisualEffectGraphs":true,"m_FxEnabled":true},"in2DMode":false,"pivot":{"x":0.45621299743652346,"y":-0.3625563383102417,"z":-0.44509798288345339},"rotation":{"x":0.22117437422275544,"y":0.4169863760471344,"z":-0.10535475611686707,"w":0.8752909302711487},"size":1.0724244117736817,"orthographic":false}