{"cameraMode":{"drawMode":0,"name":"Shaded","section":"Shading Mode"},"sceneLighting":false,"audioPlay":false,"sceneViewState":{"m_AlwaysRefresh":false,"showFog":true,"showSkybox":false,"showFlares":true,"showImageEffects":true,"showParticleSystems":true,"showVisualEffectGraphs":true,"m_FxEnabled":true},"in2DMode":false,"pivot":{"x":1.0361900329589844,"y":-0.6013259887695313,"z":-0.16322708129882813},"rotation":{"x":0.22708873450756074,"y":0.7301088571548462,"z":-0.28738564252853396,"w":0.5768982768058777},"size":9.729708671569825,"orthographic":false}