{"cameraMode":{"drawMode":0,"name":"Shaded","section":"Shading Mode"},"sceneLighting":true,"audioPlay":false,"sceneViewState":{"m_AlwaysRefresh":false,"showFog":true,"showSkybox":true,"showFlares":true,"showImageEffects":true,"showParticleSystems":true,"showVisualEffectGraphs":true,"m_FxEnabled":true},"in2DMode":false,"pivot":{"x":1.2819123268127442,"y":1.3976082801818848,"z":0.5140945315361023},"rotation":{"x":0.00367091060616076,"y":0.9864778518676758,"z":-0.022196747362613679,"w":0.16244840621948243},"size":1.349238395690918,"orthographic":false}