{"cameraMode":{"drawMode":0,"name":"Shaded","section":"Shading Mode"},"sceneLighting":true,"audioPlay":false,"sceneViewState":{"m_AlwaysRefresh":false,"showFog":true,"showSkybox":true,"showFlares":true,"showImageEffects":true,"showParticleSystems":true,"showVisualEffectGraphs":true,"m_FxEnabled":true},"in2DMode":false,"pivot":{"x":29.57944679260254,"y":1.7699999809265137,"z":31.509998321533204},"rotation":{"x":0.07350173592567444,"y":0.6775476336479187,"z":-0.06829438358545304,"w":0.7286257147789002},"size":2.843611478805542,"orthographic":false}